column,"螺纹钢（Φ16-25mm,HRB400）_fixed_GR","线材（Φ6.5mm,HPB300）_fixed_GR","普通中板（20mm,Q235）_fixed_GR","热轧普通薄板（3mm,Q235）_fixed_GR","无缝钢管（219*6,20#）_fixed_GR",角钢（5#）_fixed_GR,电解铜（1#）_fixed_GR,铝锭（A00）_fixed_GR,铅锭（1#）_fixed_GR,锌锭（0#）_fixed_GR,硫酸（98%）_fixed_GR,烧碱(液碱，32%)_fixed_GR,甲醇（优等品）_fixed_GR,纯苯（石油苯，工业级）_fixed_GR,苯乙烯（一级品）_fixed_GR,聚乙烯（LLDPE，7042）_fixed_GR,聚丙烯（T30S）_fixed_GR,聚氯乙烯（SG5）_fixed_GR,顺丁胶（BR9000）_fixed_GR,涤纶长丝（FDY150D/96F）_fixed_GR,液化天然气（LNG）_fixed_GR,液化石油气（LPG）_fixed_GR,汽油（97#）_fixed_GR,汽油（93#）_fixed_GR,柴油（0#）_fixed_GR,石蜡（58#半）_fixed_GR,无烟煤（2号洗中块）_fixed_GR,普通混煤（4500大卡）_fixed_GR,山西大混（5000大卡）_fixed_GR,山西优混（5500大卡）_fixed_GR,大同混煤（5800大卡）_fixed_GR,焦煤（1/3焦煤）_fixed_GR,焦炭（二级冶金焦）_fixed_GR,复合硅酸盐水泥（P.C 32.5袋装）_fixed_GR,普通硅酸盐水泥（P.O 42.5散装）_fixed_GR,浮法平板玻璃（4.8/5mm）_fixed_GR,稻米（粳稻米）_fixed_GR,小麦（国标三等）_fixed_GR,玉米（黄玉米二等）_fixed_GR,棉花（皮棉，白棉三级）_fixed_GR,生猪（外三元）_fixed_GR,大豆（黄豆）_fixed_GR,豆粕（粗蛋白含量≥43%）_fixed_GR,花生（油料花生米）_fixed_GR,尿素（小颗料）_fixed_GR,复合肥（硫酸钾复合肥）_fixed_GR,农药(草甘膦，95%原药）_fixed_GR,纸浆（漂白化学浆）_fixed_GR,瓦楞纸（高强）_fixed_GR,黑色金属GR,有色金属GR,化工产品GR,石油天然气GR,煤炭GR,非金属建材GR,农产品GR,农业生产资料GR,林产品GR,总增长率9
"螺纹钢（Φ16-25mm,HRB400）_fixed_GR",1.0,0.9800785291886929,0.9373986574385701,0.9213632206236673,0.9273423325327335,0.9471823660536779,0.8580787230578938,0.8467684408696546,0.7566619619191842,0.8358504587374961,0.7941582238548383,0.8054648011707358,0.7889993637960122,0.7871145026665805,0.7098500005483815,0.6731196419675459,0.7637228024229329,0.8582462853002973,0.7693265433209403,0.720507375842643,0.7836165237899472,0.8087216018939326,0.7503605836058759,0.806141258767111,0.8215971703063719,0.7373490698306296,0.8440486239196013,0.8434782327404758,0.8444261255851901,0.8389419221671407,0.8349850980316781,0.8559844117070802,0.8988945036721301,0.8610008260472067,0.8665089560305899,0.8543707363508607,0.6615144988505199,0.7940202825348,0.7164843388482971,0.8140265322464024,0.6655808207562115,0.7871173733426692,0.8086128942393905,0.6317552880817636,0.8671916500300418,0.7879742224383778,0.8110446877998553,0.7890966555318144,0.8290291969961605,0.9626958156397433,0.8808599366203534,0.802026950600945,0.8069997281113034,0.849431773889265,0.9051451930371486,0.7092150836416604,0.8182798275989915,0.8135752969258225,0.8808174645783555
"线材（Φ6.5mm,HPB300）_fixed_GR",0.9800314582472074,1.0,0.9424115975095329,0.9265215386951887,0.9305443326766882,0.9545076795512528,0.8627193781829463,0.8505382049429033,0.7561431953622914,0.8328139792843812,0.7970494988076825,0.8043764494659121,0.7894439991339495,0.7850455227153361,0.7081495833675684,0.6714345232202114,0.7660333350327879,0.8604088488513937,0.7694952716715213,0.7178438259478533,0.7849410296928266,0.8100434356512229,0.7518443856021058,0.8083757945270367,0.8252388721399821,0.7357499167841335,0.845386683912258,0.8439941034982301,0.8451640088720164,0.8395570317223922,0.8357084465073549,0.8575844343330926,0.9019607416902595,0.8637730728913026,0.8712269038603984,0.8588953120754361,0.6598568622182648,0.7946944615630509,0.7199330919054611,0.8126599797175015,0.667457086268467,0.7893137371273287,0.8097055020201094,0.6299826927594474,0.8708721752477939,0.790195800169784,0.8128659303304555,0.7882760345416886,0.8297114896390625,0.9695278441907595,0.8792375109872376,0.801938841323794,0.8080072767240203,0.8507947419453125,0.9077334503758749,0.7105564492442628,0.8215801055472437,0.811651658258301,0.8830929808732294
"普通中板（20mm,Q235）_fixed_GR",0.9391857446519413,0.9442302106422605,1.0,0.9561519717658022,0.9255488668777349,0.945618260520392,0.8798275258709677,0.8646041304119417,0.7475220360185435,0.8345108599849596,0.8100196355924119,0.8097484223279062,0.7959107996544352,0.7954022243647925,0.7136839786076157,0.6719712474753569,0.7683476695504592,0.8744030730780231,0.7821936516481265,0.7185485282468176,0.7966858889017674,0.8191859195918534,0.7642330744848073,0.8200467978362728,0.8273345282742232,0.7517208941717132,0.8631497437465134,0.8595803155134675,0.8608864195854403,0.8564089657502447,0.8536860632194312,0.8776577504974893,0.9095205744695833,0.8703910380538944,0.870784558746664,0.8711750854189919,0.6592118019994764,0.811929701602898,0.7387302915822642,0.8267535019990724,0.6823833577771419,0.8050160505849513,0.825891038844034,0.6416053949384323,0.8825026527031931,0.8068000209741857,0.8316635857109461,0.791177039958859,0.8319936057331497,0.9648041442312029,0.8829668254447329,0.8055581857778538,0.8176506411867707,0.8687314102818107,0.9148696592652273,0.7247891501325872,0.8379798309052734,0.8037132447943566,0.9064528434627732
"热轧普通薄板（3mm,Q235）_fixed_GR",0.9244853085151726,0.9296561285963498,0.9567139428299876,1.0,0.9025569122994913,0.9256092827319672,0.8812643198127671,0.8696376554959446,0.7484747301448618,0.8340045769589033,0.8122232225945117,0.8173242654049926,0.8053715527786858,0.8060983677115345,0.7255486883384304,0.6807859872637486,0.7723920548844173,0.8883753216910242,0.796056723586857,0.7277212354952072,0.8003609306252053,0.8189800682386958,0.7672432700255551,0.8135342541078455,0.8195622117994965,0.7551804325196605,0.8619560963039976,0.8669699791365145,0.8679174609998823,0.861426836846696,0.8588390165001942,0.8769047991305435,0.9085650123377799,0.8630345962917414,0.8588408716130282,0.8788686387823886,0.6626575979946249,0.8172150818967865,0.740225441459536,0.833411020024311,0.6872154886720874,0.802454602034992,0.8312762721222475,0.6520468318880772,0.8754474032618123,0.8077596792074254,0.8346492904460718,0.7898366443725882,0.8302555007384883,0.9419740131579531,0.8793594033764801,0.8144598611657122,0.8157487360769536,0.8704946566366473,0.9059855179366748,0.7269506805446436,0.8384222375082907,0.8051748031530087,0.9072310866051748
"无缝钢管（219*6,20#）_fixed_GR",0.926814414966746,0.9302331398892153,0.922863106394269,0.8979095850710251,1.0,0.9470316064413987,0.8586453020567599,0.8497796494975514,0.7649945466178607,0.8546913879377732,0.7988686197569421,0.8199655626768952,0.8022215605487486,0.7886613996729137,0.7217962826373372,0.6813693040163283,0.772767568777548,0.8543391179891733,0.7697808351969042,0.7310721609555556,0.7921988234736922,0.8200094201348372,0.7537786242667205,0.8156166639571956,0.8326127468967279,0.7382993536756641,0.8555723964614865,0.8473620602773797,0.8490804222260728,0.8470316263052562,0.8445246495226959,0.859667598064333,0.8920588775780209,0.8520614185893809,0.8592396658226141,0.8473473892585517,0.6764642688487558,0.799607202262435,0.7124304086928014,0.8173871453743359,0.663348851277309,0.7877389845087117,0.8127064231894514,0.6232973032622499,0.8764021508486097,0.7972159359461625,0.8212303114523531,0.8061337700480342,0.831473573980109,0.9404484608497174,0.9006290037804326,0.8088684257352313,0.8163864720716557,0.8585502042322313,0.8940332234068755,0.7071283925845177,0.8267105961639585,0.8263017418207094,0.8923514273460933
角钢（5#）_fixed_GR,0.9456416579347623,0.9532996937333205,0.9423595912221003,0.9203523263406966,0.9458811964211601,1.0,0.8725727273032229,0.8563794518356377,0.7534825076872838,0.8424686836593097,0.7982107682523463,0.8080398539196157,0.7832869596466798,0.7852231461456387,0.7056250172450881,0.6724896592659415,0.7647305469498152,0.854563162578576,0.7673618535705324,0.715126101111655,0.790528499698935,0.8154578205038381,0.7494753043008809,0.8096883575865947,0.8275806991604142,0.7403453567754981,0.8540896965343754,0.8446029658406373,0.8463958947979758,0.8434934013984656,0.840570960085495,0.8636274033249557,0.902012802620751,0.8606923758379663,0.8688453336104651,0.854482809030921,0.6611026695619342,0.800069324278954,0.7274228384996109,0.8185343271822757,0.6636396834403334,0.7929184597922008,0.8116584823047457,0.6234001575794835,0.8819358279527596,0.7999099869225572,0.8187721663847026,0.7928482751180952,0.8331922856715386,0.9650913656097655,0.8921121885048195,0.8010036486449896,0.8097009992478083,0.8559121007602439,0.9065573013090605,0.7062862461629325,0.8285314720814673,0.8123779121406793,0.8936286915696691
电解铜（1#）_fixed_GR,0.8340740805264354,0.839792488492384,0.8551321386808299,0.8554322061737923,0.835236929850454,0.8539746291729806,1.0,0.9066132890678938,0.7113017062121061,0.7900778683798574,0.8282596452845616,0.7886110856359608,0.7852342588988308,0.7921658464953362,0.6998580893342917,0.6567996925664815,0.7421884587861817,0.8695939325277576,0.7894130965001434,0.6985383230092679,0.8252232009192323,0.8278495056026337,0.76638227312781,0.8114082657455396,0.8246299312362745,0.7652575002407563,0.8590947226468263,0.8638559187284021,0.8659670135962204,0.867987020613732,0.8687342331133033,0.86870563016346,0.8665678640224334,0.8415536547140422,0.8178372218899606,0.8705283975363286,0.6464748230490672,0.8362259821357326,0.7777182045257613,0.8592205553353661,0.686242736834231,0.8412864655102937,0.840473408248335,0.6505956139053157,0.8783572849289593,0.8208604882679227,0.8821204520244763,0.791374033399824,0.7864674668271162,0.8463699080415661,0.8503083333913989,0.7961594233704008,0.8297762137934113,0.8700165146930355,0.8652922747861883,0.7348479806593194,0.8805094244673811,0.7789292430127569,0.8940265185806542
铝锭（A00）_fixed_GR,0.8190445660036655,0.823776402481327,0.8351773064754175,0.839388585126042,0.823651636838667,0.8340755950597666,0.9055151474770802,1.0,0.7250394746677585,0.796360587214678,0.849945616741941,0.8193531399818873,0.81257946350349,0.828111621239417,0.7368533614825521,0.6778500665492329,0.7595528352219271,0.9208187890239795,0.8234066297473666,0.7340165650064333,0.8313694101863537,0.8335649112007755,0.7905733987358251,0.8308676181462171,0.8180521947630315,0.7947864146579668,0.8868936132629796,0.909817834418576,0.9120842300812646,0.9160605772517973,0.9139088375315648,0.9093476422105312,0.8786765647848065,0.8248939509932826,0.7972310649205031,0.8781949105702127,0.6601063560390756,0.8610294749557986,0.780204101152796,0.8723129351093365,0.7132630876562864,0.8560805592410013,0.8756235778457612,0.6723591260353349,0.8791477469539521,0.8461535034707004,0.9116083216435459,0.7913203760791747,0.7732107266226115,0.828909751214475,0.8521483455826038,0.8292082893277183,0.8385597352612851,0.9170931401310966,0.8629670200521976,0.7685317399234837,0.897578704003934,0.7598357346776795,0.9042581938145855
铅锭（1#）_fixed_GR,0.7534523386458303,0.753489556728225,0.7387575382948903,0.7372742168005872,0.7632190406325152,0.7555186190897113,0.7421400479431415,0.7573214707979867,1.0,0.8327191370067086,0.7281679359906157,0.8247572448305039,0.8160576112810723,0.750625802651136,0.7704761416387191,0.7201835150238836,0.7812494043289054,0.7710309005757017,0.7834081874464133,0.7941328129641356,0.7580256972368528,0.7659002962769259,0.7207787482953597,0.7582054897387182,0.780461515154337,0.7059604195287169,0.7928702254953782,0.7782734717566195,0.7767351948858615,0.7721638566357603,0.7725420541097038,0.779073065369256,0.7888659539193105,0.7501725329201191,0.7643921018068347,0.7515773473372477,0.7315567751323881,0.7744767598674764,0.6300516982278549,0.7744284184647175,0.6645822435686705,0.6973530900004602,0.7629920962321844,0.6111387444094014,0.7687268393616329,0.7457553081182592,0.7584247190966431,0.8066620884847735,0.798757727485845,0.7482157399888925,0.8010429578362787,0.7805644934704247,0.7637106136422429,0.7767919951163523,0.7690458313085331,0.6383694577248252,0.7542470774885167,0.8115266606496885,0.7815641369538321
锌锭（0#）_fixed_GR,0.8202058246560524,0.8174130946492749,0.8145708620434277,0.8119570289210687,0.8415904911644014,0.831636497865567,0.8018122213826028,0.8098849359970611,0.8197894234845607,1.0,0.78324898028463,0.8415045889888407,0.8289767075367205,0.791826645555191,0.7600144685571156,0.7077222937584987,0.7634283701335401,0.8086260936409674,0.7900144383102888,0.7563669403084194,0.7858705657216359,0.8028668961340194,0.7584108518037527,0.7935795823168376,0.7989824877508858,0.7748169418202138,0.8200113099712925,0.8209943373540303,0.822175982595321,0.8179295136507148,0.8204063041564363,0.8259347947568632,0.8515903593940017,0.8032692690326141,0.8070536659750316,0.7845553048031886,0.7135091258874053,0.8161070472926498,0.6807506152649477,0.8348713690957875,0.6389827601933291,0.7463691074595566,0.8130421098436971,0.6189322452284833,0.819946728322468,0.7754949378535845,0.8009154559659151,0.8300062329261028,0.8224718751314664,0.8226209918115527,0.9065484053663209,0.8262956628561352,0.7999057416538312,0.8239309862136788,0.8321268835486766,0.6802873042306603,0.7952274283700204,0.8447226485679186,0.8405106531795857
硫酸（98%）_fixed_GR,0.7565041808555438,0.7603895384653564,0.7697117051820203,0.7699577028024019,0.7631005045693033,0.7661357686164273,0.8233450010278751,0.8472129776839511,0.6878705914227156,0.7651898666480177,1.0,0.8140889882686042,0.8203053107244408,0.8115614584650482,0.7435600284568222,0.743926909986931,0.7449913806991482,0.8471246658950474,0.8084855932473138,0.7475319231469864,0.8777513121598034,0.8542669739543496,0.8372662895653743,0.8658953592510402,0.8169995171943579,0.8390061730118095,0.8649676737861556,0.8603973908297153,0.8599486180464626,0.8602824241379599,0.8622834111623037,0.8525447886962313,0.8166994579882576,0.7911947761461254,0.7659404246662075,0.8057102503759943,0.7084277341692609,0.8615674525814682,0.7836711129743161,0.8586009213489105,0.6969128743720228,0.8253869458025087,0.8447216088244283,0.6831831523362415,0.8716938088500499,0.8802160011179586,0.880335233259963,0.8176398746728553,0.7178846481278752,0.7638295054995573,0.7927410639205396,0.8420754475057434,0.8788121134519193,0.8615018304847516,0.8094010330201434,0.7353578616573965,0.8882725958899278,0.7482135097852476,0.8381085767771987
烧碱(液碱，32%)_fixed_GR,0.7666821820191442,0.7659601032465108,0.7668079942640397,0.7738289567463874,0.7850549985808826,0.7749779528956159,0.7797618882694658,0.813373678360877,0.7907567196626476,0.8241414704547095,0.8111420853363287,1.0,0.8502111603340577,0.8371313369388357,0.8025043103017271,0.7864680067526456,0.7751927493238291,0.8392287582109696,0.8487628477958064,0.8257331496654381,0.826486824092333,0.8314749341049387,0.8111461166865647,0.8269990978092358,0.8189912490822973,0.8141196961267021,0.8724531142288418,0.8582188253525872,0.858062559918662,0.850527292068972,0.8526917646642864,0.8210484819143343,0.8068474845862066,0.7638501028196978,0.7611158279665258,0.7785743685173134,0.7561514730728162,0.8402768403894952,0.6963933470986593,0.8464245634384184,0.6901039416189674,0.7580326082363339,0.8280958708962449,0.6495109906193807,0.826115761402894,0.8191632264005266,0.8242798615349483,0.8286449523888649,0.7601289613113704,0.7698380375529674,0.8158701710044916,0.8700394097167834,0.8357094850231418,0.8507380058544286,0.786630221164808,0.7114283504257892,0.8222231239938496,0.7819156845308128,0.8247294731951454
甲醇（优等品）_fixed_GR,0.7641425167264884,0.7652990534942099,0.7667396550895901,0.775182289677299,0.7799712714137754,0.7634026097044685,0.7920080091797316,0.8205132971116622,0.7971825166056128,0.824647735068945,0.8308804017661839,0.8622130298158884,1.0,0.8531560750423486,0.8466485564142109,0.7779509424694631,0.806466136660315,0.8350015137703114,0.8611884434420881,0.8513328404752329,0.837110119778437,0.8640080671791014,0.8317407895032879,0.8560028233031965,0.8320648308602044,0.812469690979273,0.8548410863214008,0.8521077545159772,0.8505921429536745,0.8437985020376952,0.8471673544415291,0.8233877514592423,0.808581932151789,0.7656366034647155,0.7661290983834274,0.7868457769556694,0.7380838224748627,0.8532678025631137,0.7059333979226269,0.8566550607143009,0.6669920395078754,0.7707053077448967,0.8306030239917025,0.6743491001011066,0.8229725499930829,0.8134860817366099,0.8283361426700034,0.8485528225814977,0.7803637106519801,0.7660707422192751,0.8167919852883588,0.9108121690256857,0.8666143165417474,0.8439301107978933,0.7816750378170052,0.70393725011595,0.8276324894592919,0.7997618852087617,0.8256213970199434
纯苯（石油苯，工业级）_fixed_GR,0.7604720708238493,0.7586237272948159,0.764329320414568,0.7742673792340192,0.762982808591146,0.7633701999716483,0.7963272152394054,0.8334401391397394,0.7239930295193575,0.7841518377751548,0.8206650727613214,0.8474112611745725,0.8511512664730098,1.0,0.8309598575860115,0.784461542685528,0.7629547945563426,0.8418957884762774,0.8517959339822354,0.8169429690062114,0.8186888795851615,0.8544405785576618,0.8467144255360625,0.8578320668085093,0.8191784142738645,0.8575457661196997,0.8525868736388676,0.8551764022248453,0.8558357475732175,0.8524179677004619,0.851834375741232,0.8216171359286404,0.8040756578702725,0.7500930744528425,0.7363013734700811,0.7895798960587354,0.7096417620167287,0.849753253255206,0.7406787392050451,0.8510720129106245,0.6736204258784365,0.7986343550647225,0.8546184201323715,0.6676844081525409,0.8264011498545226,0.8221736672754553,0.8331796550210474,0.8017304743204424,0.7257461423856735,0.7619055687534597,0.7960987600184001,0.885652940376955,0.865227817302978,0.8507612420559943,0.7840297433522702,0.7374813728761876,0.825276387068179,0.7377874348857139,0.8273266448302744
苯乙烯（一级品）_fixed_GR,0.7130722783190112,0.7120217981837516,0.7108934739905567,0.7203379908350402,0.7263967364823476,0.7148480384894218,0.7390848553919782,0.7746513391627361,0.7762962678220902,0.7819832422414827,0.785117377558019,0.8389014611645532,0.8660729014508303,0.8535634796835772,1.0,0.8292569858682122,0.792797578658911,0.7936365076116463,0.8394179715618751,0.868546693209404,0.7809404534932446,0.8088105330171845,0.8360879561139574,0.8198892093901219,0.7840823340192745,0.8266903351885424,0.8167490843429793,0.8170307076361257,0.8156680829946655,0.8072875550485681,0.8071727038161275,0.7751842470120814,0.7569171490222947,0.7191740014918164,0.7174683663586869,0.7424470471054236,0.7486489595269011,0.8232832831763226,0.6998573453521089,0.8136281657686013,0.6863613131929321,0.7444754777680784,0.8073188463980896,0.6763264256243701,0.7716624716842342,0.7940413334697309,0.7890016758972697,0.8190567707203571,0.7374953115803012,0.7136376796065551,0.7729665877589252,0.8595857440483783,0.8176023020646583,0.8029838674634492,0.7325924344427938,0.6880510869438358,0.7815748292385147,0.7499254553795985,0.7683499791099652
聚乙烯（LLDPE，7042）_fixed_GR,0.6670491798691212,0.6659927107645706,0.6593580900980511,0.6655585125834955,0.677023418774535,0.6726640011929121,0.6908206580724038,0.713987219056456,0.7180785657012392,0.7242465990543006,0.7774220579310753,0.8182457050036717,0.7969426666399876,0.8049463154385621,0.8229606959763752,1.0,0.7648423835594496,0.732699725218505,0.7954980367967898,0.8057085615437147,0.7710953635840397,0.7855746182420922,0.824418744953189,0.7842154293407768,0.7424109946537933,0.8288580433260022,0.7772782357783838,0.7617699498894003,0.7592299205584311,0.7495078807265951,0.7511094469837433,0.7186913779963924,0.7071456466915829,0.6716829911208778,0.6732880591417193,0.6840704825441604,0.8023613754806014,0.8014293852541122,0.6812701426773743,0.7750173827605332,0.6642737621955122,0.6986191894416659,0.76967681976065,0.6734210005207434,0.7254019823958316,0.7849619783404239,0.7351153247686723,0.7737926714938191,0.6726146311486222,0.6662748726186365,0.7186082028515679,0.8100633437949123,0.7965839010975962,0.7465897958644758,0.6859827734036359,0.634105334911871,0.7328015062228098,0.679903897575525,0.716559233843077
聚丙烯（T30S）_fixed_GR,0.7766302929487646,0.7792477950135221,0.7762045862988897,0.7781702036406581,0.7863787013376864,0.7820228177935862,0.7858397178308263,0.8034743634725606,0.7962123818272151,0.7946178946731822,0.7955498535552404,0.8237336310495111,0.8385427846941108,0.8019184939478371,0.8026843835264812,0.7831644148457635,1.0,0.8152701534794258,0.8205324192598549,0.8275105425910293,0.8037143227703213,0.829611436248373,0.8089110548390047,0.8341003094670869,0.8285836827810391,0.78038467180567,0.8348360557027579,0.8238424718997258,0.8223134960029127,0.8168292127214674,0.8184722317009195,0.8050494549847639,0.8071987496836153,0.7743661357785376,0.7842834259844913,0.7672963418151415,0.7257556290581989,0.8295878398824545,0.6977901407602001,0.8117272839262539,0.6878266122954801,0.7582776606382993,0.8269347038258611,0.676697062380995,0.818855223320988,0.8063069795821097,0.8004479868424992,0.7896150943012575,0.7639415259900217,0.7799519215447962,0.7985584964003184,0.8281056233108641,0.8335568528160251,0.8184638537463713,0.7916420787685436,0.6849530359127658,0.8043602636129725,0.7596173125806606,0.818077541188094
聚氯乙烯（SG5）_fixed_GR,0.8319853158228895,0.8348410840934778,0.8467534388003983,0.8620211830117094,0.8289279922895284,0.8318053275541494,0.8678521894152742,0.9206029582907207,0.7384790520691888,0.7945401617317465,0.8495203860055991,0.8441624725303116,0.8270495255504043,0.8365063147002955,0.7571321526893174,0.6972255497998613,0.771101417075218,1.0,0.852084407143223,0.7542379057729237,0.8303837297933583,0.8305892577072017,0.803441283559607,0.8308663431121586,0.8244507113156679,0.7905003743519136,0.8983822968466559,0.9310088984927731,0.9319052217654896,0.9289610661457353,0.9248786479962298,0.9128491774764691,0.8807373577619558,0.8435058898629456,0.8135292967207591,0.8880623898623703,0.6707137941519135,0.8575577727430023,0.7614157002105261,0.8684085168693326,0.7304617123173169,0.8369397388651585,0.8797325223556852,0.6939007548313094,0.8838704334708202,0.8497839676453441,0.8939724891811577,0.792966210775984,0.7855585113383302,0.8379611638636622,0.8354991338269999,0.8398425982140447,0.8352247727236533,0.9312735567314857,0.8720197234502924,0.7837023060556235,0.8848156741521718,0.7767242803901178,0.8986045149804838
顺丁胶（BR9000）_fixed_GR,0.7472823961916487,0.748060187601683,0.7560526942112636,0.7692051981141542,0.7492105780429837,0.7507584576680335,0.7985765553082099,0.8332704669018454,0.7653457416512089,0.7882656386562291,0.8220667438694916,0.8624768712406776,0.8634364057180066,0.8561079300077206,0.8204736775754864,0.7799285395362889,0.7900078907866093,0.8610804806236075,1.0,0.8207014169605552,0.8273139422654476,0.8359625405429623,0.8237773561774717,0.8265240754024025,0.8126780269617336,0.8213083069514463,0.8666755069828589,0.8746256412033201,0.8738903526072056,0.8643932731824084,0.8664316273425651,0.8364536556702308,0.806105236856136,0.7698635788426593,0.7560690693306255,0.8006321454803608,0.727733547268883,0.8735865388742174,0.7099308848323647,0.8623862373403717,0.7052343201986541,0.7764257431538225,0.8566464226175136,0.6828183197077345,0.8267890083538398,0.8311855479547946,0.8417725839713138,0.7896599931993705,0.7491353837894219,0.7499262006983026,0.7823573915597123,0.8637144615247988,0.8395156644498157,0.8638359059327575,0.78360455733296,0.729429097960342,0.8406374124944179,0.7426033832746122,0.8278327723961194
涤纶长丝（FDY150D/96F）_fixed_GR,0.7175047221931442,0.7154329988607541,0.7094877148552219,0.716357763417115,0.7296513832420456,0.7180155999857817,0.732031623659504,0.7666633736276751,0.7945923402834579,0.773413195654472,0.7833154237954669,0.8551763578993591,0.8664352985533852,0.8362691735842749,0.8650860464552582,0.8078030458704294,0.8141196528081229,0.7861234797081991,0.8354427569418925,1.0,0.8014092359205675,0.8180024820642089,0.8264639468266064,0.8227901539123781,0.8042045207067734,0.8063667948294729,0.8265464762342568,0.8135659468955241,0.8116384973433807,0.803283104446532,0.8042592056403345,0.7718190954168788,0.7558453648394441,0.7185030294121952,0.732195822143611,0.7267533907416837,0.754143476155105,0.8190303667738829,0.6752870384738417,0.8099250187329664,0.6831543888468151,0.7404318809104142,0.8001366482547093,0.6709471327823616,0.7823978805724395,0.7965514955622652,0.7787642033854558,0.8226980237637666,0.7317029124077783,0.7139476661283387,0.7620810864429278,0.8548189644201142,0.8270045721721704,0.8009520542372629,0.73096448751541,0.6816547134808666,0.7807722143142435,0.7403023635714686,0.7636467018794578
液化天然气（LNG）_fixed_GR,0.7411935564612294,0.7433938712076333,0.7512435969379235,0.7536677034750764,0.7521883081529559,0.7545524116459881,0.8178803954537903,0.8259466252498369,0.7184593727571733,0.7645852692528767,0.8759579025299576,0.8268409324946288,0.8244318981534756,0.8071230385634219,0.7358182872571628,0.7333664643080847,0.751622064934093,0.8253243227141916,0.811856013203623,0.7659555607244573,1.0,0.8708689247716035,0.8236953910487735,0.859578664191376,0.8306110906856139,0.8201826372909574,0.876965295597824,0.8528852887343341,0.8515685357038968,0.8526043307625154,0.8578858181472653,0.8321134047673604,0.7968294127048712,0.790220451354294,0.7660192225485517,0.7889708823655335,0.7057040499048703,0.8645521418877165,0.7812251304243656,0.8487598834738744,0.7010019655603684,0.8151013226725247,0.8481566808747755,0.6849958560210274,0.847125586114354,0.8835670602656627,0.8664723074895861,0.8048684943563035,0.7224147587547602,0.7468304626276968,0.7792102424164968,0.829490700780463,0.9027392494489712,0.8519833324027007,0.7907468864714032,0.7320448258742109,0.8755737398662826,0.738772460045901,0.8257102997548236
液化石油气（LPG）_fixed_GR,0.7752272043932462,0.7773244046975386,0.7827343013382859,0.7805732072113134,0.7889743665702343,0.7877061575727957,0.8241937330732998,0.8317119327199816,0.7314102352518917,0.7870624821130824,0.8552396831897174,0.8353271303267721,0.8559557800216697,0.8478072484125603,0.7721257492303624,0.7543167270253572,0.7864523266153525,0.8290778026947261,0.8242481396620838,0.7879955352684448,0.8736782184338376,1.0,0.8513209613761452,0.8984837684786031,0.8876562982188438,0.8426723172922754,0.8766960150685651,0.8615344935855266,0.8613980746087799,0.860108802553775,0.8670371167328853,0.8459235890591075,0.8241207983119229,0.793326291500764,0.7768419555942948,0.789998791713611,0.7074344144248296,0.8678003441316261,0.7483646966147087,0.8648934876240221,0.6768618331952333,0.7989731183350411,0.8491088642150133,0.6755699574588409,0.8612559862253649,0.8608727728174773,0.8552597980865602,0.8351287409278528,0.7524898572149468,0.7822474260560336,0.8088670217824021,0.8666276543166777,0.9304792618894249,0.8623941897644032,0.8100447785142146,0.723784563913945,0.8657523773377297,0.773011135243666,0.8550855761311409
汽油（97#）_fixed_GR,0.7198940856515801,0.7221531720978304,0.7295694993804986,0.7306698616843714,0.7245972006847089,0.7244037754068424,0.7699957944684518,0.7960955707073116,0.6910640237154876,0.7492714676198381,0.8445759433127492,0.822202698917967,0.828878148536886,0.8461020095765448,0.8107627606552418,0.8049889650585578,0.7698953458398395,0.8090579442312834,0.818104721390161,0.8046922852676727,0.8338782587330287,0.857288132637133,1.0,0.9084998866005759,0.8386054380609769,0.8787009513569224,0.8487177115176281,0.8443497976748631,0.8437602561113218,0.8364613503301596,0.8389448211116893,0.8045466902104059,0.7760115958310402,0.7496669864516803,0.7358966247650044,0.7580581596181947,0.7238747941775848,0.8422725195396702,0.7576275044550101,0.8222973911907793,0.6989870298380342,0.777496398038637,0.8471065537910555,0.700733568346022,0.8135759090010354,0.8670778043068892,0.8223529662644423,0.7965642666073328,0.6994291025160089,0.7239200025147459,0.7535575980197409,0.8453792987408886,0.8836080962572603,0.8336885085241142,0.760067577946929,0.7376824859919585,0.8246844160537812,0.7214769294683671,0.7911505949248063
汽油（93#）_fixed_GR,0.7733109458638673,0.7764394110184922,0.7848038366277764,0.7748775508408045,0.7848298316758262,0.7818665724362016,0.8078997767663888,0.8294524010975538,0.7233179764069053,0.7779213701239074,0.867138901472908,0.8312595090965068,0.8479143406397179,0.8517393859083345,0.7848287945337855,0.7531702709450524,0.7923012845627396,0.8297971501983821,0.8145388281194205,0.7933371326477289,0.8628706999349348,0.898774163306005,0.9046525111534719,1.0,0.8836051874503352,0.8463245875389106,0.875552035475315,0.8519277770692324,0.8522174982925477,0.8530468766017764,0.8573417535058313,0.8412165345223542,0.8196057049167786,0.795103059566481,0.785688373542303,0.7921417757079797,0.7101155992381488,0.8441292955577502,0.7565219059230335,0.8499011963943766,0.681373576240578,0.8024807662331346,0.8516113187699931,0.6730774290782884,0.8650408707635858,0.8699479958697988,0.851512900697679,0.8319387665843342,0.7491610695260961,0.7815391576183818,0.801845860821642,0.8653939155048087,0.9272157222560805,0.855133309556786,0.8111988994674365,0.7322476497832251,0.865680614007168,0.7649047874004391,0.8459239944472973
柴油（0#）_fixed_GR,0.7927813373033327,0.7975617465774649,0.7949164349536537,0.7837880648510491,0.8061098444311241,0.804082761645402,0.823779127084708,0.819064813981928,0.7512321162302735,0.7862659829214607,0.8210996226278405,0.8259579418016838,0.8252413402557369,0.8143559747923026,0.7476968651001289,0.7111669132735366,0.7884739724390093,0.8257708879636679,0.8025902208301521,0.7754455256795356,0.8369035536302681,0.8896797477662524,0.8349447762417014,0.8853674283997219,1.0,0.803880743723533,0.8644533390480076,0.8416380548333352,0.8431593934116286,0.8438141101450156,0.8473264413193625,0.8467301582903239,0.831126403569746,0.8225235333218539,0.8234892590573363,0.7942677056048225,0.6938507856258727,0.8443319851769246,0.7160292474617671,0.8418295169930374,0.6790861076246182,0.7830697836695164,0.8378712420960029,0.6492127525788189,0.8661051805667284,0.8458659542978185,0.8450117502432228,0.8168088850233546,0.7575435171107504,0.7969058818352233,0.8042490089939911,0.8268655220948402,0.8873241332467683,0.8515503785839146,0.8291651294937584,0.730029317218426,0.8507315469548162,0.7736226549571394,0.8528440944458878
石蜡（58#半）_fixed_GR,0.7104127289175478,0.7092551285750351,0.7204079939011213,0.7217207002398935,0.712428968618394,0.719386036247922,0.7731696280302335,0.8040440100240347,0.6802609617472962,0.7703873427765381,0.8493040504896755,0.8288692863009839,0.8130651266554103,0.8598950383894978,0.8043469939570915,0.8131989003617213,0.742126366136601,0.80033074453298,0.8190513299847312,0.786797032674006,0.8339219733298121,0.8519527111445255,0.8811907583022254,0.8551022378167621,0.8118212385477512,1.0,0.8441639560927964,0.838086985680597,0.8383204739859931,0.8320793533849045,0.8357942629317123,0.8024135990228554,0.7718936109653537,0.7342234044350525,0.7152719397848766,0.7523640588620599,0.7337052603371965,0.8656515764019229,0.7646856272924843,0.8461971429711197,0.6788506706009072,0.7833303767603841,0.834738700185368,0.6844411679371395,0.801302814221133,0.8634697664347295,0.8225782727181685,0.804368140162426,0.686329227671373,0.7134657514070654,0.763758899293714,0.8414691915216982,0.8695093033849878,0.8309998343076457,0.7546006689497323,0.7166613026987241,0.8161144291626533,0.7137073797289564,0.7977929219204098
无烟煤（2号洗中块）_fixed_GR,0.8017705696971122,0.803814311219888,0.8214099164359911,0.8184380646360054,0.8170927726063502,0.8183899077718149,0.8455213854428223,0.876783251348554,0.7457147156696069,0.791380430153845,0.8557824897661572,0.8661253804090501,0.8349736330701009,0.8349871331671892,0.7673394641772939,0.7284276978962462,0.7806356813075689,0.8894961809073118,0.8468301316131959,0.7841553048088673,0.8705766002713676,0.8673378340281744,0.8311661805729869,0.8658634491094576,0.8516558514509036,0.8223903334272263,1.0,0.9214406407288733,0.9213803616535106,0.9175367142495616,0.9217548814713351,0.8955218438587285,0.8533999793004376,0.830004141101523,0.8098335190008579,0.838773970508962,0.7012061416108577,0.8776825169938632,0.7559711565521037,0.8733298707806053,0.7111038522585147,0.8269738517654776,0.8653184644879504,0.6739217742546364,0.8945230899513001,0.8890246383736531,0.8987275789159018,0.8049860670736687,0.7684482706316164,0.812658207282159,0.8178210936438762,0.8607577257980675,0.8831536440574222,0.9236409891348035,0.8500092481768342,0.7598239262365649,0.9066295974234084,0.7675873943481523,0.8903799497777396
普通混煤（4500大卡）_fixed_GR,0.8051309713415468,0.8061744925656188,0.8201743089299481,0.8277148598479378,0.8114916381888266,0.8110301212764759,0.8544272296750093,0.9042086640541158,0.73391322071347,0.7976027278302905,0.854734724540489,0.8551106786672622,0.8363169440221363,0.8419310275874409,0.7738972664134339,0.7158717491733142,0.7706113606728006,0.9267513123584109,0.859231645457878,0.7747114739920767,0.8492644725013883,0.8550491354991022,0.8310489481214569,0.8446779310440791,0.8315252681979998,0.8204436297076575,0.923630843194157,1.0,0.9917883139871687,0.9789707196542172,0.976282670978932,0.9210658083823212,0.8741656804875882,0.8237919513301992,0.7997058856161332,0.862585798689641,0.6822611253767669,0.8945787257925185,0.767309489918262,0.8790373871923133,0.7301235047895214,0.8370244250916201,0.8997490771483283,0.7034572944093423,0.8828245495840046,0.8706754205562748,0.9081740961020147,0.7990364927018567,0.7763114100113011,0.8119530985594499,0.8233808740204545,0.8557212944553194,0.8566367655006213,0.969620297190235,0.8502791777813653,0.7825243502727272,0.8995245658693062,0.7658390739636814,0.8926363676132373
山西大混（5000大卡）_fixed_GR,0.8070017383038438,0.8083142485684857,0.8224404507091444,0.8295266841163421,0.8142836237036368,0.8138666307052937,0.857223459848538,0.9069927363309741,0.7330807915654793,0.7996986748014604,0.8548755714260553,0.8555399342134766,0.8353044833758535,0.8433059247207771,0.773147478613907,0.713995045362482,0.7696498998337719,0.9280191056312317,0.8590262631480883,0.7733163881328334,0.8485377882256127,0.8554930677641639,0.8310906548765712,0.8456094361774746,0.833821885745043,0.8214370874809999,0.9239288622304402,0.9918385361462441,1.0,0.9816643767838046,0.9782837083710963,0.9222825911528255,0.8763849116847625,0.8261258190881073,0.8014186056605904,0.8647896393919045,0.681230861467707,0.8947096936845228,0.7676920750142224,0.8804980906009402,0.7295426738298011,0.8377117277769608,0.900175502707086,0.7011028869917805,0.8853124364687095,0.870715172339643,0.9104941559432728,0.8005002365787887,0.7778217736605784,0.8145383799052494,0.8253931034467074,0.8561274585520412,0.8574676421692273,0.9714651699582458,0.8532917682555845,0.783395684485829,0.901101792038363,0.768458457134775,0.8963607992245056
山西优混（5500大卡）_fixed_GR,0.8013489957758256,0.802498043004544,0.8177674314951545,0.8222366762442328,0.812837858778307,0.8113534180385924,0.8600138514501394,0.911667317095537,0.7296678602328018,0.7960923240774498,0.8560040762710952,0.8487041424477154,0.8289828773000102,0.8404944003413433,0.7646275620475945,0.7044609737255864,0.7645606653723561,0.9253893058659669,0.8493461091681058,0.7650598426786099,0.8504132752836723,0.8549313755540736,0.8241301625525177,0.8473159160943081,0.8353808624306714,0.815464792931544,0.9206699704400223,0.9792039101147326,0.981771226888219,1.0,0.9857139966001833,0.9285120240598954,0.8754317428403803,0.8245194379709999,0.7999639952231122,0.864473981354086,0.676004035048133,0.8947338945949515,0.7749533576628477,0.8802553993364519,0.7289513865952254,0.8454199165992667,0.9041798500028082,0.6975408712004717,0.8876065050536591,0.8710393915857502,0.9162884053848508,0.800061233505299,0.7731173076388553,0.8093729830770658,0.8243138613200567,0.8513795425988866,0.8584394666598933,0.9738096371518967,0.8527493728096802,0.7843817948122369,0.9048547139011698,0.7634722821707763,0.8999557239676044
大同混煤（5800大卡）_fixed_GR,0.7970242835294974,0.7983247911312911,0.8148916874359581,0.8196057103517421,0.8101900171259113,0.8083057562296359,0.861132043367605,0.9096454148608741,0.7306293019821665,0.7993377631910964,0.8583857012796997,0.8512260579523337,0.8330359435348569,0.8401878195337883,0.7648170028519735,0.7068560140108316,0.767041500268188,0.9213336135129938,0.851997631766683,0.7665891668526057,0.8561018970227946,0.8624172359394974,0.827116610614834,0.8520773103703754,0.8393976376748902,0.8198651523978412,0.9249352457047171,0.976614262018416,0.978478606341507,0.9857639136801566,1.0,0.9271509801214645,0.8742835414974091,0.824985686302513,0.8000463558297684,0.8600720578056552,0.6784264959603996,0.899021611412048,0.775245334204044,0.8842803642890076,0.7261495212469056,0.8452524733163981,0.9045808942401181,0.6966715454587838,0.8913085964531233,0.8758494240828731,0.9199885071793401,0.8049300284636618,0.7732724627075928,0.8060572876784677,0.8253599711073684,0.8556656724274655,0.8661599372041474,0.9737919553130945,0.8507149397518055,0.7811376711187493,0.9121237320336125,0.765167561993668,0.9001571263994556
焦煤（1/3焦煤）_fixed_GR,0.8256027604024945,0.8278018502242719,0.847804744141671,0.8453628139365569,0.8313972145560287,0.8385834602605002,0.8637689748741972,0.9068277155150742,0.7437233551131508,0.8094135812387153,0.851457676573307,0.8227037291939128,0.8111764154337587,0.811578053964855,0.7320697206341608,0.6766817369891451,0.7562075727956366,0.9106887472652001,0.8226471507074343,0.7334354065099512,0.8333370451714764,0.8437952854225134,0.7946100295341763,0.8386841636288859,0.8420219891028464,0.7882981945513763,0.9017660042675806,0.9237478250419443,0.9245961258364038,0.9302350854260818,0.9287175295004364,1.0,0.9061778131557161,0.8536865276663181,0.8281267452237555,0.8842351347353854,0.6590771437968529,0.8714333109397805,0.7581238119598507,0.8776931339156046,0.7264022198526766,0.8348169540712234,0.8778101484850266,0.6704795403740833,0.8946282120454228,0.8585989818338282,0.9059804805228838,0.7998935007277395,0.7838546855946545,0.8364936080452166,0.8383575948211069,0.8270738923441561,0.8488739659943313,0.9452330603163956,0.892534667967204,0.7675851110627528,0.8958612701243939,0.7689916000941408,0.916297617308604
焦炭（二级冶金焦）_fixed_GR,0.8824506701104247,0.8862917142826767,0.8919504283016285,0.8897594953968272,0.8753652478489553,0.8890066953186891,0.868186833112315,0.8815611158682534,0.7642145018405221,0.8444052787609613,0.8237925338858303,0.8172135262007778,0.8042936154809419,0.8022708370961045,0.7220432616035862,0.6777685350762526,0.7686356931465788,0.8838611813413738,0.7988739404379134,0.7267635761078709,0.8072997753595407,0.829778501331022,0.7748321572159681,0.8248233643769032,0.8339188876468783,0.7664301865903235,0.8683255751983102,0.8841873071918691,0.8857762004629645,0.8842707846202272,0.8829136147041701,0.9110128936526969,1.0,0.871809876077111,0.853063576294872,0.8722722780524246,0.66294242176619,0.8334644113519877,0.7283064118329379,0.855968706728267,0.6893275862054976,0.8057367315503717,0.8516719013823015,0.6500237425454509,0.8809765784258731,0.8193299001659549,0.8523590353513256,0.7925663935691385,0.832377138461381,0.8902524882697749,0.8748161073395931,0.8227751601961376,0.831018116901918,0.8957408106326268,0.9373770308619231,0.7245931133682082,0.8526626124297583,0.8068839869305093,0.9195833327234285
复合硅酸盐水泥（P.C 32.5袋装）_fixed_GR,0.8417377654719668,0.8452575470920265,0.8487224095851817,0.8388603870020472,0.8330319883994526,0.8452290766456254,0.8452306916302557,0.8309138258496858,0.7252006952383852,0.7968092393487959,0.8008855196216735,0.7783658567105857,0.7633850242188803,0.7506991485055912,0.6843725198781431,0.6435269930550124,0.7333002065518184,0.8493219922341194,0.7642801917035408,0.6895427718945506,0.8028756280032754,0.8019905924526972,0.7511053954884672,0.8030432267274383,0.8273835053350989,0.7310396085306018,0.8488137591921036,0.8394421745899675,0.8409418943058444,0.8386177725977912,0.8386313471256813,0.8625172967948257,0.8734303823634633,1.0,0.9180456651375004,0.8493934570419878,0.6335820958856021,0.7954015950630894,0.726665196651872,0.8144315004217922,0.7320561666490416,0.8101705812185196,0.8166126762814498,0.6878219938371569,0.8602554757413257,0.8099116862455537,0.8231011281786988,0.7673925229312737,0.7988997054652394,0.8440944266427222,0.8191267468662288,0.7649758782714291,0.8020889853103121,0.8468567920340361,0.9115253530963228,0.7775540344430117,0.835206875722045,0.7742775208416774,0.8653167161609437
普通硅酸盐水泥（P.O 42.5散装）_fixed_GR,0.8532163551937901,0.8588186782511719,0.8546020001932308,0.8398995013647959,0.8464538521355663,0.8594918165269463,0.8279600964971957,0.8108129017160418,0.747923043531064,0.8071116882319465,0.7839600488192362,0.7833910083049522,0.7716201199055809,0.7451630531135139,0.6915777719731616,0.6553274545607422,0.7521756805120164,0.8267707370426901,0.7580872570591778,0.7132189918047819,0.7874705620043341,0.7934271003020446,0.7454664526944774,0.8006880483666141,0.834310284416538,0.720583418681605,0.8369616860435652,0.8237978665632001,0.8246367929961074,0.8223064668777998,0.8219510405515432,0.8441607753218563,0.8602404746498574,0.9213753932724077,1.0,0.8261699102347432,0.6436608998694124,0.789006889406605,0.6960698966873928,0.7996815743904323,0.7054557179792355,0.7811003212692026,0.8033191559145199,0.6625876244064618,0.8497607925534635,0.7847121800231257,0.802009397698842,0.7690936482419546,0.798821647786604,0.8543892899767815,0.8228242762168518,0.7680617414083434,0.7957635028946722,0.8301916656158858,0.8952878854720168,0.7411498417590131,0.8118912706026749,0.7702826249083606,0.8550209616384935
浮法平板玻璃（4.8/5mm）_fixed_GR,0.8404605522930522,0.8456814838318022,0.8547709514953988,0.8616503552713749,0.8341356496243751,0.8444122990845306,0.8786942431354625,0.8872257789172374,0.7358500130209419,0.7851927074272249,0.8220762721857713,0.7994564194293075,0.7922936507997294,0.7974769349395859,0.7194159007761293,0.6669234764619105,0.7343858995702801,0.896775185811762,0.8027884745799846,0.708434236086192,0.8086157740851089,0.8057596274035727,0.7674825414825388,0.8070891253269635,0.8066152738660967,0.7576631249081609,0.8615703350433909,0.8797224348408567,0.8811830647694896,0.8801477009025462,0.8758555955022842,0.895406247763733,0.8789009016150616,0.8551474931637217,0.8266664743620525,1.0,0.6397782938532341,0.8345513826861369,0.7616871999137961,0.8300895470634375,0.7316180985649813,0.8332262171019134,0.8489255166514316,0.6799091548970408,0.8604162213585727,0.8110283771739517,0.8616280302645253,0.7720380795879325,0.7958408245363868,0.8482930547997792,0.8217411474112886,0.7920915102263716,0.8124923223452518,0.8851629772459196,0.8909413595748804,0.7638328030102746,0.8483705085375027,0.7763101956270921,0.8820120544824277
稻米（粳稻米）_fixed_GR,0.5953464017585158,0.5941849639106089,0.5852087104977659,0.5854821217248222,0.6154532850645021,0.6019424880447372,0.6196573187833323,0.6362596731431736,0.6764740943978368,0.676850791449414,0.6917500210092851,0.745035567915873,0.7079529521665401,0.6801004214585903,0.6862174879710345,0.7575687981033358,0.6480547797516405,0.6475498333966765,0.6917363176560569,0.6995255295506382,0.6925051869685448,0.6891573787461047,0.696020941490795,0.6914233663429901,0.6715288395801104,0.7013109482261436,0.6995619313130059,0.6737987716255212,0.6717084210415675,0.664988047857041,0.6668943137166488,0.6419667588224852,0.6337984568911993,0.5992779204668308,0.5996029912955422,0.5936950866977213,1.0,0.7111389075429915,0.595224782588787,0.6884857955136562,0.5700820288112917,0.6193281539470168,0.6791172096957296,0.5807377207964899,0.6549803388044797,0.7112846578871842,0.6606620065676011,0.7087364783696727,0.6020276619119592,0.5927851618058031,0.6574286974929219,0.7012956148619262,0.6980353245860078,0.663814396890188,0.6133903191888069,0.5373183070444988,0.6602176535051555,0.6219087656113305,0.639727160701215
小麦（国标三等）_fixed_GR,0.7417199112101746,0.7432749639432868,0.7582567048730331,0.7626314968261587,0.7496877617678045,0.7545797984578618,0.8211828756934064,0.8492603714816367,0.7248706328251547,0.7879567376886721,0.8526381654027486,0.83295597175595,0.8343272121603715,0.8318789901933699,0.7766120181666752,0.7568785970801315,0.7741579459431941,0.845981681679698,0.8549149867366003,0.7764636346089698,0.8578412168465372,0.8581451025107049,0.8245326833665977,0.8325096378705021,0.8306650163612216,0.846660018056632,0.8779605984107514,0.8919342407682725,0.8916040926080926,0.8909937639316869,0.8951590686217794,0.8641455118888782,0.8158768030320563,0.771908462006396,0.7571537608490967,0.8092828509951517,0.7133102865243147,1.0,0.7671882984462408,0.8673442908479678,0.7032354735464131,0.8166889740373546,0.8792228702752651,0.7032421160723921,0.8513312977922123,0.8702257329066306,0.8769479202815698,0.804270856952549,0.7315064651123304,0.7480340680356576,0.7903146959173984,0.8354132797237356,0.8618044265754543,0.888425327557176,0.7929825857570214,0.7453942342846763,0.8708699905632178,0.7500881567510488,0.8416242284318096
玉米（黄玉米二等）_fixed_GR,0.6911632453643207,0.6954425974400704,0.7087833908497471,0.7078130540792472,0.6883828836436021,0.7088863101064651,0.7881610332562393,0.792648501517941,0.6060163891063083,0.6784335484706902,0.7993103708899536,0.7192627822488068,0.709832849929689,0.7470758156199812,0.6719856628161298,0.661428353741456,0.6544463403923447,0.7752364791490844,0.709906316834092,0.6524025804384489,0.7989356392819723,0.763943425341397,0.7645760190089634,0.7713566597278476,0.7294160018341026,0.7672548369261205,0.7859834340185862,0.791605664714113,0.7911706210126317,0.7967696381776891,0.7965600515637059,0.776657134410968,0.7375594549719269,0.7330797621724408,0.6936358580976065,0.7590076597990425,0.6367625195985721,0.7955327420012405,1.0,0.7484837863288768,0.7106727951374058,0.873546812087482,0.8045758207768241,0.7261825660969142,0.7821373866443884,0.8421461311209902,0.8032280520612258,0.7153599826322345,0.6574089785673307,0.6970951054675308,0.7122091801803393,0.7252059776794849,0.7769242312459261,0.7904017289366874,0.7371996827374558,0.7775044629076379,0.7985802750659907,0.6609815242180438,0.753918536089445
棉花（皮棉，白棉三级）_fixed_GR,0.7764085702537307,0.7752098237046007,0.7862106004309249,0.7927703651773405,0.7808712805219237,0.786105509714124,0.8532706635256214,0.8681733784704149,0.736660681909142,0.8176785916261221,0.8568410272520018,0.8470813818063072,0.8457611206748181,0.8416479197937015,0.7751433959300026,0.7385513693538189,0.7630847204399909,0.8646253626907567,0.8500704718423552,0.7760186914505405,0.8490952003297648,0.8622656440792378,0.8119699440190482,0.8466513918655588,0.8361613087639196,0.8337328912487999,0.880085383591131,0.8822677448675277,0.8832112297301155,0.8823414282628953,0.8860333305630425,0.877047538098759,0.8480291103416834,0.8027363388947781,0.7796775998239612,0.8124404093882568,0.7025258962545813,0.8739794892792296,0.7271425108956238,1.0,0.6833829754276842,0.8097602452913691,0.8655446507547526,0.6510279717523128,0.8635441082043404,0.8292014222790243,0.8894875846982417,0.8359747554311205,0.7559669525273027,0.7800931849597007,0.8368497274660102,0.8752209879857232,0.8663534614091595,0.8861492461437651,0.8240931294262344,0.7239463635034922,0.8878034045258557,0.7760830572825393,0.8792175142330849
生猪（外三元）_fixed_GR,0.6507463700535412,0.6533671057987436,0.6620053892882347,0.6642538600716426,0.6505835392335737,0.6554354753718562,0.7090506773964995,0.7372357580488975,0.6541290182584863,0.648811541930454,0.7250699877259621,0.722727237341717,0.6827706282682513,0.6920333793810612,0.6698598488660369,0.6563206835077384,0.6576632260984362,0.7542974833174287,0.7159573973436584,0.6727211224532953,0.7321015184683537,0.705425633331715,0.7165059666023118,0.7085308142515284,0.7036289981792925,0.6926499410165617,0.75269225298092,0.7653286272614063,0.7639033172856522,0.7620617684584107,0.7589836897799338,0.7548112177740574,0.7100420796304416,0.7483091926068299,0.7141842517433132,0.7388873580547338,0.6280566304913385,0.7460106443132843,0.7209543299847477,0.7155100618061975,1.0,0.7909523290552836,0.7655155146943667,0.7659298037534603,0.728223419130542,0.7406275231083259,0.7528660107153831,0.6968832295938875,0.63582662537805,0.6531570295385086,0.6626589653481263,0.6780399539263305,0.7138912864846743,0.759125447505173,0.7204563555410289,0.8197395082631794,0.7383576358268621,0.620818910632362,0.7130755876040192
大豆（黄豆）_fixed_GR,0.7391522849063258,0.7422994318318241,0.7542622995126628,0.7484235023358836,0.7418665527904447,0.7512802861944761,0.8299408085471359,0.8473548735328826,0.6442117386771351,0.7160965079494771,0.8185709331719173,0.7530979404161489,0.7492794473160743,0.7817486812396219,0.6906001269528612,0.645878449946487,0.6928513005195317,0.8276245923847299,0.7516805807284487,0.6935130378696776,0.8107233048310749,0.7902131455070996,0.7597580874832481,0.7934770244721883,0.7702923195554713,0.7613121673656968,0.830937361938937,0.8367651065127643,0.836789536311627,0.8436778859205684,0.843152846426536,0.8293146494545909,0.790043745385546,0.7925205454666667,0.7537297988648123,0.8105527167100042,0.6280510500814365,0.8206032421383143,0.856902006371025,0.8046601921341503,0.7601841766650841,1.0,0.8515993062024315,0.7433310995071494,0.828671655339708,0.8280331807109464,0.8466438356748417,0.7595992103677927,0.6959574310432003,0.7446910922848604,0.762231791689178,0.7680686401921193,0.8042445168448782,0.8374356362475718,0.794052329284869,0.8350443188522201,0.847225717012274,0.7007980356001493,0.811529655436075
豆粕（粗蛋白含量≥43%）_fixed_GR,0.7615975122120013,0.7634710192175357,0.777132918888944,0.7815215843550404,0.7680068793350653,0.7705190908500154,0.8277078604866289,0.8665822605419758,0.7145557663629437,0.7873906278697281,0.8367911350931334,0.8225522554126169,0.8109861294737138,0.8394537029436897,0.7592286521625159,0.7223713071023145,0.7723910151499853,0.8712613204963983,0.8373112039852434,0.7565557312633785,0.842738373160745,0.8403368944754243,0.831917905816264,0.8426242166704704,0.825717403750369,0.8146295312311131,0.867255687024479,0.8984936296151356,0.898487418675696,0.9020100024459254,0.9021804768675575,0.872391203356672,0.8375937817244642,0.7976880289604364,0.776003432549624,0.8265862193235708,0.6845342927045805,0.8807502514320429,0.7793353498958588,0.8603785215857066,0.7281734364805875,0.8501231162782998,1.0,0.7270547090994612,0.8573304576750016,0.8512910467954804,0.8772704461264932,0.7858135818581874,0.752151505201989,0.768480602103282,0.8009558679281108,0.8293367932425173,0.8529133546849619,0.8922271968696606,0.8183858268663545,0.783959188961314,0.8694289558901721,0.7592764185383234,0.8538782615295771
花生（油料花生米）_fixed_GR,0.6275279348442437,0.6264582982191528,0.6305019125003435,0.6382730551941236,0.620866416041928,0.6261367905527726,0.6866307963167917,0.7102382097413753,0.6111389261719695,0.6399031678086112,0.7224173083521122,0.6958130169526231,0.6986689316801095,0.6965367235208305,0.6695639395641869,0.6755378759476933,0.656870523816171,0.7308961702607167,0.704149649179604,0.6703680601303167,0.726930980343839,0.7132088104936415,0.7272081236702387,0.710480085526831,0.6856959242139657,0.7073496562232713,0.7303905656074255,0.751362783709736,0.7483804256420576,0.7440929603461268,0.7425189840639876,0.7149919642347087,0.6834142730503141,0.7157034964900653,0.6825016954751503,0.6988832400528504,0.646109288504229,0.7547689051025798,0.7455916930845169,0.6963405716882994,0.7745585152107286,0.7868221320560224,0.7734365770919513,1.0,0.6971201543231135,0.7397276451107152,0.7182247430522216,0.6802032775053284,0.628990258196014,0.6243495627954978,0.6495595945628838,0.6825657803622581,0.7174246936297275,0.7349136968018976,0.6867694137882053,0.8098616767954718,0.7095538361684758,0.6174549009476474,0.6832726102161272
尿素（小颗料）_fixed_GR,0.8402823397109156,0.8449702428031022,0.8547151427987845,0.8446711647024016,0.8518455387095057,0.8610393086274184,0.8745184547629774,0.8767457997865016,0.7332047042363042,0.8039865201056294,0.8716036981740692,0.8287537534399153,0.8115910101350373,0.8177385469462269,0.7285463869994001,0.6863069591205975,0.7745291762734724,0.8818693886216802,0.8135915900523935,0.7472286134417655,0.849255968366951,0.860228479884175,0.8051049769078982,0.8636806607186116,0.8628128118988628,0.7882242109239311,0.9014281918246219,0.8874442133446175,0.8893622183922021,0.8909770315410797,0.8943147822043329,0.8953700560370533,0.8756854340871204,0.8526481006086516,0.835766036544062,0.8466379635886383,0.6729234598066668,0.860176110561192,0.7651527815655835,0.8651676041752728,0.6997517196867147,0.8351476589624459,0.8641680441296361,0.6536129075841176,1.0,0.8678904764631226,0.8930107950580991,0.8195181790512087,0.7916290236111008,0.8510426555719016,0.8449617589740891,0.8367938948215948,0.8641987284629197,0.9010238531231444,0.87384500959442,0.7454696790033686,0.916943908913071,0.7944600691398744,0.9129332653075141
复合肥（硫酸钾复合肥）_fixed_GR,0.7339042902844574,0.7371518029178594,0.7518124373369413,0.7514274512964233,0.7466326512214497,0.7537836663170228,0.803216559654593,0.8321494664987015,0.6911023171939655,0.7414851462993082,0.8709682533684517,0.8095827748661133,0.7883860444781526,0.8001073187669834,0.7389565178022344,0.7362974090163499,0.7425267782151331,0.8366354533632413,0.8060697621164319,0.7473855130536635,0.8766656505867659,0.8494080230855208,0.8501755017484386,0.8586452162549753,0.8307219034100938,0.8427623476671158,0.8882213578583078,0.8663207961060421,0.8658139075781264,0.8653833947124103,0.870075444198167,0.849402872922753,0.7994687611349535,0.7871517703491243,0.7505385544866371,0.7808713532771616,0.7112912907888469,0.8690109150387416,0.81790619746747,0.8189686076943218,0.6961590894790319,0.8227727227489975,0.8481206342599247,0.6833211185571999,0.8581094625962988,1.0,0.8659890600073937,0.7669943860362914,0.7121448491836032,0.7422458920552328,0.7700200144212986,0.8057087989520021,0.8710580839275333,0.8695654835187289,0.7881431524929785,0.7287432146470286,0.8841260346973434,0.7139551323072867,0.827118869712126
农药(草甘膦，95%原药）_fixed_GR,0.7656321948196164,0.7681542465230164,0.7853230580075383,0.7873161814493432,0.7792744005853759,0.7793889886165306,0.8731750936666495,0.9057311966058336,0.7128957624672315,0.7753723704743144,0.8750461703548605,0.8199500254485325,0.8105707941469917,0.8176518408710991,0.7413906160201623,0.6858035562139684,0.7438348760498747,0.8875736344845571,0.8234403143166271,0.7343703669911893,0.8627166485981768,0.8479488807901433,0.8068073514712715,0.8437388868718025,0.8346991227766681,0.8030025317221636,0.9010115716148143,0.9077592368001399,0.9097063957030519,0.9150667533388213,0.9186184500213751,0.9023662355928949,0.8392256285919516,0.8059493154174244,0.7755629481302209,0.8424754177161702,0.6679461792068342,0.8792803522584909,0.7795768829378955,0.885789594154961,0.7181931356786757,0.8462162440764383,0.8781449522042243,0.6662786645283026,0.8881737651101719,0.8697380477974546,1.0,0.7963075314348509,0.7360036628381126,0.7746394212152089,0.8082248769528261,0.8288384178953535,0.860875208377053,0.9190919193510357,0.8274459030866136,0.7602384654631751,0.9495686705679622,0.7497019946870764,0.8771065743526614
纸浆（漂白化学浆）_fixed_GR,0.7507637092310382,0.750469960677265,0.7479261675029732,0.7440469646132416,0.7711862880076535,0.7602438743186203,0.7852082777516959,0.7872771300264572,0.7743790190002248,0.8138871368292726,0.8171280790176113,0.830892737945954,0.8383236286602519,0.7914707961566672,0.7823220802092692,0.7393393214432084,0.7370003792388901,0.78939402667872,0.7733542136774645,0.791697871936379,0.8069682386307625,0.8336132190067567,0.7869677652927289,0.8299621592491271,0.8122191139180102,0.7910750306923152,0.8159487316797319,0.8055123916634167,0.8062107311026071,0.8047934770922412,0.8091610504484892,0.8006520166685596,0.784013892810252,0.7559885737979588,0.7498576947753184,0.7523266154735379,0.7241769968486454,0.8149879613843957,0.695331626499596,0.8374276330556755,0.6669666476961077,0.7670565780329177,0.7949505858733824,0.6384633545731601,0.819104606247911,0.7811335727932879,0.8035398422959059,1.0,0.7549318632136051,0.7521977472547877,0.8086160610005547,0.8276293362919342,0.8376851424081329,0.8073433119854301,0.7637034313415604,0.7002118539161315,0.8104647136260508,0.8209053499771096,0.807372872818624
瓦楞纸（高强）_fixed_GR,0.838458490196057,0.8394932247528669,0.837398350270097,0.8340292688515429,0.8418920851080676,0.845968377722476,0.8233963698214494,0.8147598717659738,0.8122615424123998,0.8467442860113532,0.7709091197346676,0.8109101072774224,0.8140293869936903,0.7678481481531263,0.747603762213221,0.6933713746011065,0.7626103312504859,0.8268874774246567,0.7826722784622638,0.7478706993338654,0.7773353526082134,0.7987530608079855,0.7441286713106963,0.7948300981295978,0.800555167864339,0.7285285360123073,0.8257971531826711,0.827643673397549,0.8281787104821858,0.8232427102067303,0.8229032295973073,0.828404383128698,0.8612081398991058,0.830812879370094,0.8256943673090699,0.8219068883979995,0.6822720969649883,0.7953266317438467,0.6977969062866191,0.8059840933759704,0.6664251689943672,0.760654209066297,0.8084291012737784,0.6484731720465905,0.8332500296174883,0.778865901618226,0.7949510363410407,0.8043345939505379,1.0,0.8404195489253313,0.8581720487334501,0.7995048070240972,0.7956290626331138,0.8281741347818591,0.8515181657191284,0.6956022657691536,0.7998454611728779,0.890041701048949,0.8541069557471386
黑色金属GR,0.9634292590198924,0.9702145014347211,0.9644391335077164,0.9406375658950429,0.9420004689633167,0.9667707223464203,0.8712575379281062,0.857900015696783,0.754903488719345,0.8405532771854993,0.8035217898386434,0.8108866945434726,0.7938479565058352,0.7916803453874016,0.7143139175234232,0.6763838985871338,0.7705083364248071,0.8657781899029919,0.7750260620078717,0.7208240794003482,0.7915515758787608,0.8174685480401839,0.7574198387470217,0.8159031857790062,0.8277851707437895,0.7437735728159302,0.8551470352312762,0.851600942286585,0.8531247942212131,0.848179102186717,0.8450868237560293,0.8673150246718858,0.9072668913886796,0.8651894504710423,0.8695567060789514,0.8639928824349535,0.6630919379671402,0.8023168243181061,0.7259222739276115,0.8202886145474801,0.6718354964918861,0.7950860839997,0.8172648659729527,0.6331125912592642,0.8784289231526218,0.7977493378499583,0.8215950073042201,0.7933878873810974,0.8336975408781581,1.0,0.8887809236717455,0.8082740791386382,0.8148189029852503,0.8600144743709648,0.9103551975910774,0.714631872124627,0.8289775286550561,0.8131424933275802,0.8951163660503796
有色金属GR,0.8674013181842452,0.8659368163061931,0.8662014335702525,0.860505587563703,0.8897153229874367,0.8827731245790329,0.8580837754365687,0.8612870182489553,0.7845811208128277,0.9055888933671338,0.8075735520779884,0.8320031993432119,0.8195873754891613,0.8016729769513661,0.748582742722408,0.6999566228522109,0.7663665611755166,0.8457673604260155,0.7822200506109751,0.7426900040149136,0.7977300496679053,0.8217069829603628,0.760664702361464,0.8144839127192637,0.8145038700244527,0.7663591547545391,0.8419807948267588,0.8428881728170844,0.8441236190912239,0.8423236175204319,0.8429121618134893,0.8517196941886183,0.8798156211090418,0.8235798774449645,0.8211395526093384,0.819468841547923,0.6931276013077151,0.8170280355842292,0.7120659981129603,0.8513645957603488,0.6505508453130162,0.7867524857574332,0.8241806357891583,0.6260011321834414,0.8569732440906219,0.7990693687422015,0.8298266253940876,0.8233246846598107,0.8339529982962444,0.8738629817258033,1.0,0.8274305467534585,0.8169612886310962,0.8486223266113616,0.8663436196092411,0.6896188943499363,0.8301787059411168,0.8359658170129343,0.8920610837899614
化工产品GR,0.7835644535482513,0.7840050430102594,0.7822438022621547,0.7900190385116844,0.7918769369779985,0.7873181036833852,0.8070180408581829,0.8403877799429235,0.7638170558238254,0.8258256237003913,0.8553606996723728,0.883329046809587,0.9130058426024431,0.8899782686419719,0.8433001194636497,0.7969091967938973,0.799607966298558,0.8509089673390405,0.8645616012509654,0.8424102234487096,0.8455263350092044,0.8772378529929862,0.8514456282466588,0.8756427495493737,0.8374834175446292,0.8445970215332059,0.8807100606151674,0.8730775611539731,0.8729096961373977,0.8678449262936954,0.871390213170458,0.8423202107079842,0.8305520932404318,0.7719593763153352,0.7673968277842493,0.7909291931314049,0.7365231020097773,0.8584069144890083,0.7266367859977166,0.8872265204074865,0.6680508887617628,0.7926009438025181,0.8509625784209329,0.6624894012245487,0.8503436184863911,0.8333757335246603,0.8491034370298471,0.8421302219599112,0.7691791249834647,0.7871185644588617,0.8286006459737151,1.0,0.8848770772532644,0.8698161067743574,0.801095556263994,0.7234942231587992,0.849684867191989,0.7892581980517908,0.8465044609938246
石油天然气GR,0.7709821647344156,0.7726972784519575,0.778597079980875,0.7743009064011527,0.7824685620095028,0.7785518912369016,0.8240214254555102,0.8346712057768062,0.72593131113618,0.7813347212160608,0.8780324608414604,0.8374046646370141,0.8568879631423019,0.8572411235160626,0.7794171792279211,0.7638135745201224,0.7888259856946997,0.8316424006828282,0.8258963183066531,0.7956786899758321,0.9036166934842729,0.9294589368682672,0.876870142415103,0.9259475418053605,0.8836615174658746,0.8591921901326212,0.889990380513746,0.8612849871871172,0.8615194504835648,0.861715150284077,0.8689686432986505,0.8490216361610632,0.823298996830332,0.7910203180182458,0.776892592025323,0.7951105145243199,0.7130288667337669,0.8695991571672097,0.7591830856779157,0.8671968150276794,0.6832480468024625,0.8101837476816649,0.8592612700585036,0.6771070854074442,0.8634185591254772,0.8795838204791128,0.8658849397490727,0.8371816971493881,0.7466328845075739,0.7768532075896498,0.8014029552318979,0.8731734843891995,1.0,0.8652817488452322,0.8094809069319256,0.7268297815007501,0.875896351164897,0.7591815622822092,0.8529897146816733
煤炭GR,0.8143227119728249,0.8163642444133408,0.833481732592265,0.8339014281336928,0.8270093798585021,0.8263934053003713,0.8624749789651103,0.912967204439126,0.7354721290189186,0.8032114126926185,0.8576217905531809,0.8492704036837418,0.8294758062980813,0.8391246359471499,0.7597992941140679,0.7019461463439035,0.7672252165532795,0.9280118774149447,0.8491837959830604,0.7625235450731934,0.8501598284625457,0.8576479796105273,0.8216035471229332,0.8498513825257245,0.843899579781289,0.8149107577112716,0.926804288714515,0.9700545211604997,0.9717331052946392,0.9738988875455538,0.9738002005991621,0.94400775162815,0.8879362853933539,0.8337687917548855,0.8089990271546752,0.870350739052646,0.6754314837474228,0.8924836262153893,0.7685718263581254,0.8844414232030944,0.7263356728549504,0.8396294461723315,0.8948677983235359,0.6877257221082397,0.898205822354994,0.8753343316575107,0.9204688958190804,0.8031047573693294,0.7793712046714619,0.8242700102253422,0.8316143906146781,0.8539133513005749,0.8624469771809928,1.0,0.86910025870831,0.7809727031721774,0.9087527761467203,0.767981329061552,0.9121340339370091
非金属建材GR,0.8911414351526111,0.8943181637601129,0.8994598886951509,0.8879455043913969,0.8794750856530552,0.8955741819640842,0.869055417453526,0.8684076030120985,0.745966735247307,0.8267960635774023,0.8192749392314818,0.800709830985277,0.7801130842916656,0.7851677545149269,0.6990137565753258,0.6594214523915539,0.7538172156845685,0.8774719547197499,0.77879651505126,0.7033550978712118,0.8043554082498142,0.8187775830992812,0.7621196908097686,0.8192386735748668,0.8344642120572785,0.7522435745548252,0.8673818653452685,0.864558984536464,0.8667488533846279,0.8655032027199806,0.8632728760901628,0.8997654014291712,0.9384980961388314,0.9118257099424594,0.8914710038126735,0.8866823066703855,0.6476610259145462,0.8152496470736348,0.7315547691758661,0.8355672716473215,0.7039611391320479,0.8123692381359316,0.8365050729579643,0.6573786917334842,0.8811614388546424,0.81188567665455,0.843866220298564,0.7759730092870503,0.8228544339266578,0.8951682710441734,0.8631183541945987,0.7952690809670632,0.8203363344742068,0.8802731379933294,1.0,0.7476102088682534,0.8465757108822805,0.7939414060916367,0.9107065976202777
农产品GR,0.6999601670196675,0.7019700632891205,0.7098200433690484,0.709423345890263,0.6995869575677768,0.7031413210340571,0.7606536758158785,0.7936227611281322,0.6323215730082579,0.6940894498925907,0.7657994205973507,0.7465277104546321,0.7226070301633142,0.7568381975763894,0.6759066093804503,0.630450778730731,0.6586773771382646,0.8076843763315282,0.7434496035612758,0.6757581016333278,0.7662549601243182,0.7540294947060862,0.7575703149942559,0.7605850686074591,0.7558468479159967,0.7337636263921838,0.7999217883227914,0.8161885153189269,0.8161882787608571,0.8162299355224037,0.8129226723203824,0.7976345940206429,0.7489601195170024,0.7957178471639547,0.7533853146608375,0.7747402938354302,0.6023921159471822,0.7886808112031686,0.7904613348174641,0.7580745829906421,0.8228617069608332,0.862782453968762,0.8198471341956002,0.8057568061868463,0.77566830425059,0.7759051674357901,0.7961985554652964,0.7323383181195244,0.671164142991366,0.7015088936114001,0.7060364423181957,0.7361626085695968,0.759309342224777,0.8126410181584337,0.76704589620039,1.0,0.7810946127213948,0.6805287675223048,0.7607189367603094
农业生产资料GR,0.7785454385845939,0.7828866581623765,0.7970489771688147,0.796043175180563,0.7894596703757542,0.7949024270729098,0.8738013006780581,0.8929347818911539,0.7124595128403662,0.772894558785609,0.8854847567675421,0.8211129885799507,0.8130581663569746,0.8124342248607693,0.7362965604423443,0.6884182667226886,0.7526982749694944,0.8801616681538746,0.8253741226087516,0.7410589524093978,0.8744707555525254,0.8616114601451563,0.8126310917859925,0.8612068241250982,0.8435653671198435,0.7992916636034247,0.9106403498755776,0.9010708216936397,0.9022167829558274,0.9054130146479656,0.9124218517783141,0.8940252216281594,0.8426759770857264,0.8226093983358703,0.7904851722703145,0.8302527724164732,0.672368218155822,0.8758078320321612,0.777936809132598,0.88646660741541,0.7060133758449764,0.8497162545494935,0.8728205956975547,0.6617863711642855,0.9148325528912592,0.889663579062403,0.9506835274863117,0.8068915944024353,0.7468402290451397,0.7877352970073267,0.81215168757077,0.8325688180685661,0.8736803835868162,0.9090493499168434,0.833646163037091,0.7466034817393974,1.0,0.7554927566667745,0.8811027109521855
林产品GR,0.8197193404233913,0.8182944018001308,0.8056479161876517,0.8051153094684904,0.8332962406315734,0.8228703099770684,0.8139310383834144,0.8000818379220233,0.8200038488522416,0.8635850580291454,0.7920676578216792,0.8248432803020398,0.8273762932729088,0.7745030527168192,0.7547139769124454,0.6949348855629741,0.7532932114412504,0.8148141900147674,0.7721567263251983,0.7511200039375127,0.787082280896949,0.8126877690253146,0.7593591886976022,0.8053416644551878,0.8103139057278675,0.7482825103173054,0.8214442807301571,0.8153655827095379,0.8167626141960465,0.8116214957046272,0.8126041046175828,0.8121650157697586,0.8366953416413299,0.8044855059577031,0.7953787258845779,0.7997741658087354,0.693643076477699,0.8058142799031657,0.6954650910565807,0.8188716146090055,0.6451892278101393,0.7591592869048448,0.8102995429696259,0.6307616984585792,0.8325398093330255,0.7769315619820519,0.8013524919908911,0.8569875676618003,0.8872797055980065,0.8165335914714889,0.8572699447714331,0.8138403686013442,0.8033984104189166,0.8152142584934357,0.8226778053649896,0.6977950531828357,0.802917114119322,1.0,0.8406019671910847
总增长率9,0.8630622301087573,0.8659452986157924,0.8893666177959041,0.8893191380215691,0.8768777600225162,0.8806570805479221,0.8967453297325421,0.9079107497851097,0.7587541247848979,0.8346296394179255,0.8465609435353327,0.8362251010591536,0.8237272506947527,0.8277237937510677,0.7370576481210646,0.6904615141670398,0.783716848160692,0.9026369431179799,0.8233779901511067,0.7375909052560093,0.8370456702937354,0.8616795777207281,0.792383653736504,0.8523950072769583,0.8571405252532495,0.7951027705492562,0.903351334057484,0.9028592905247603,0.905860195817921,0.9086280207545813,0.9085968649897298,0.9217349980337227,0.9206883934157338,0.8652685259040369,0.8495264388192203,0.877072620220889,0.6718806560150565,0.8590467473404171,0.7478224605224143,0.8872307133825097,0.6959126161318323,0.8278328682493619,0.8684732122053729,0.6531635355217007,0.917965188619326,0.8467012872407288,0.8890935665630603,0.817277685432899,0.825347135944795,0.8770290707844863,0.888915223073408,0.8411146197855156,0.8614500750480311,0.9196451570435189,0.9103575812823557,0.7404235359678628,0.8905717704275677,0.8130558153604259,1.0
